{"chunk_definitions":[],"default_chunk_options":{"fig.dim":[4.800000000000000,4.500000000000000],"fig.retina":2.000000000000000,"message":false,"out.width":"100%","warning":false},"doc_write_time":1580347594,"working_dir":null}